Reservation ID,Customer Name,Check-In Date,Check-Out Date,Number of Guests,Room Type
1,Darren Graves,2022-11-29,2023-07-24,2,Riverfront Suite w/ Kitchen QQ
2,Brandi Henson,2023-03-27,2024-02-06,3,Riverfront Suite w/ Kitchen QQ
3,Lisa Lewis,2022-09-29,2022-10-14,2,Riverfront Suite w/ Kitchen QQ
4,Michael Elliott,2022-05-24,2022-08-19,3,Riverfront Suite w/ Kitchen QQ
5,Jonathan Daniel,2022-06-21,2023-02-10,1,Corner Suite
6,Donna Harmon,2022-06-13,2022-12-15,1,Riverfront Suite w/ Kitchen QQ
7,Melissa Heath,2022-05-16,2022-12-10,2,Riverfront Suite w/ Kitchen QQ
8,Scott Bryant,2022-09-16,2023-07-15,3,Riverfront Suite w/ Kitchen QQ
9,Mark Collins,2022-12-03,2022-12-21,3,Corner Suite
10,Lisa Blanchard,2022-09-08,2022-11-02,2,Riverfront Suite w/ Kitchen K
11,Denise Hines,2022-08-21,2023-11-05,2,Riverfront Suite w/ Kitchen K
12,Christine Ramirez,2022-07-15,2023-05-21,2,Riverfront Suite w/ Kitchen K
13,Diana Wagner,2023-01-23,2023-07-19,2,Riverfront Suite w/ Kitchen K
14,Jamie Allen,2022-11-17,2023-06-19,2,Riverfront Suite w/ Kitchen QQ
15,Kenneth Delgado,2022-05-01,2024-01-07,1,Riverfront Suite w/ Kitchen QQ
16,Daniel Smith,2022-05-29,2023-02-11,2,Corner Suite
17,Nicole English,2022-06-24,2022-06-26,3,Corner Suite
18,Cody Peterson,2023-03-21,2023-09-06,1,Corner Suite
19,Brady Martinez,2022-12-19,2023-11-14,3,Riverfront Suite w/ Kitchen K
20,Anne Mcgrath,2022-07-30,2022-11-07,3,Riverfront Suite w/ Kitchen QQ
21,Victor French,2022-04-17,2022-04-20,3,Riverfront Suite w/ Kitchen K
22,Elizabeth Long,2023-03-05,2023-04-08,3,Riverfront Suite w/ Kitchen QQ
23,Isaiah Stokes,2022-08-22,2022-09-17,2,Riverfront Suite w/ Kitchen K
24,David Bailey,2022-07-16,2023-04-26,3,Riverfront Suite w/ Kitchen K
25,Brian Lane,2023-02-02,2023-03-13,1,Riverfront Suite w/ Kitchen QQ
26,Dr. Jennifer Sanchez,2023-03-22,2023-08-30,2,Corner Suite
27,Alexander Smith,2022-06-09,2022-08-27,3,Riverfront Suite w/ Kitchen QQ
28,James Matthews,2022-10-15,2023-03-21,2,Riverfront Suite w/ Kitchen K
29,Taylor Holt,2022-07-14,2023-04-10,2,Riverfront Suite w/ Kitchen K
30,Jacqueline Walker,2022-10-06,2023-03-16,3,Riverfront Suite w/ Kitchen K
31,Kelsey Cook,2022-08-09,2023-04-27,3,Riverfront Suite w/ Kitchen K
32,Margaret Parker,2022-09-30,2023-04-26,1,Riverfront Suite w/ Kitchen K
33,Jennifer Huber,2022-12-08,2023-06-28,3,Riverfront Suite w/ Kitchen QQ
34,Victoria Williams,2022-08-14,2024-01-28,3,Corner Suite
35,Michelle Beasley,2022-04-14,2022-06-15,1,Riverfront Suite w/ Kitchen K
36,Antonio Olson,2023-03-14,2023-12-22,1,Corner Suite
37,Cory Newman,2022-11-28,2023-12-10,1,Corner Suite
38,Lawrence Mason,2022-06-05,2024-01-23,2,Riverfront Suite w/ Kitchen K
39,Timothy Thompson,2022-12-16,2023-04-29,1,Riverfront Suite w/ Kitchen QQ
40,Robin Walsh,2022-09-19,2023-10-13,1,Corner Suite
41,Stephanie Esparza,2022-08-18,2023-10-01,3,Riverfront Suite w/ Kitchen QQ
42,Heidi Aguilar,2022-10-14,2024-03-26,2,Corner Suite
43,Aaron Cisneros,2022-08-28,2024-01-23,1,Riverfront Suite w/ Kitchen K
44,Melinda Jones,2022-05-08,2022-10-01,2,Riverfront Suite w/ Kitchen QQ
45,Julie Smith,2022-08-08,2023-06-22,3,Riverfront Suite w/ Kitchen K
46,Melissa Padilla,2022-06-24,2022-07-09,2,Riverfront Suite w/ Kitchen K
47,Mia Lee,2022-11-05,2024-02-11,2,Riverfront Suite w/ Kitchen QQ
48,Tina Suarez,2022-06-06,2022-10-18,2,Corner Suite
49,Anthony Meyer,2022-09-25,2024-02-10,2,Corner Suite
50,Stephen Wright,2022-07-14,2023-08-24,2,Corner Suite
51,Daryl Malone,2022-12-07,2023-08-24,3,Riverfront Suite w/ Kitchen QQ
52,Darlene Martinez,2022-09-29,2023-12-21,1,Corner Suite
53,Denise Casey,2022-06-27,2022-10-29,1,Riverfront Suite w/ Kitchen QQ
54,Scott Harris,2022-05-31,2023-03-04,1,Riverfront Suite w/ Kitchen K
55,Brittany Patterson,2022-05-13,2024-01-21,3,Riverfront Suite w/ Kitchen K
56,Tammy Robinson,2022-05-17,2023-03-23,1,Riverfront Suite w/ Kitchen K
57,Tami Huffman,2022-05-20,2023-10-28,3,Riverfront Suite w/ Kitchen K
58,Jessica Powell,2022-06-23,2023-04-03,3,Riverfront Suite w/ Kitchen K
59,Eric Solomon,2022-12-20,2024-01-06,3,Riverfront Suite w/ Kitchen QQ
60,Kristin Mathis,2022-09-08,2023-08-24,1,Riverfront Suite w/ Kitchen K
61,Crystal Romero,2022-04-26,2023-05-09,1,Corner Suite
62,Sandra Petersen,2022-06-21,2022-12-07,1,Riverfront Suite w/ Kitchen K
63,Katherine Larsen,2022-09-29,2023-12-26,1,Riverfront Suite w/ Kitchen K
64,Amanda Ryan,2022-11-08,2023-01-03,2,Corner Suite
65,Dr. Brianna Lewis,2022-06-06,2023-05-12,3,Corner Suite
66,Barbara Sanchez,2022-12-21,2023-09-30,3,Riverfront Suite w/ Kitchen K
67,James Hahn,2022-09-06,2023-04-07,2,Riverfront Suite w/ Kitchen K
68,Scott Duncan,2022-11-17,2023-07-26,1,Riverfront Suite w/ Kitchen K
69,Megan Rosales,2022-04-11,2022-05-17,3,Riverfront Suite w/ Kitchen K
70,Andrew Adams,2022-05-01,2023-01-23,3,Riverfront Suite w/ Kitchen QQ
71,Daniel Levy,2022-09-06,2023-06-16,3,Corner Suite
72,Judy Miller,2022-07-11,2022-08-30,2,Riverfront Suite w/ Kitchen QQ
73,Shane Zimmerman,2022-09-16,2023-12-31,1,Riverfront Suite w/ Kitchen QQ
74,Jason Green,2022-12-25,2023-11-09,1,Corner Suite
75,Alex Hall,2022-11-22,2023-09-09,1,Riverfront Suite w/ Kitchen K
76,Justin Rosario,2023-03-06,2023-03-14,2,Riverfront Suite w/ Kitchen K
77,James Davis,2022-04-18,2022-07-10,2,Riverfront Suite w/ Kitchen K
78,Theodore Little,2023-03-13,2024-01-14,2,Corner Suite
79,Andre Walker,2023-01-28,2023-10-25,1,Riverfront Suite w/ Kitchen K
80,Ashley Black,2022-08-31,2022-10-05,3,Riverfront Suite w/ Kitchen K
81,Robert Hunt,2022-05-27,2023-03-09,3,Corner Suite
82,Cassandra Miles,2022-04-16,2023-04-10,3,Riverfront Suite w/ Kitchen QQ
83,Patrick Glenn,2022-09-19,2023-02-18,2,Riverfront Suite w/ Kitchen QQ
84,Gary Robinson,2022-08-05,2023-08-22,3,Corner Suite
85,John Horne,2022-07-09,2024-02-14,2,Corner Suite
86,Breanna Smith,2022-07-20,2024-02-21,2,Riverfront Suite w/ Kitchen QQ
87,Amanda Carter,2022-10-21,2022-11-19,1,Riverfront Suite w/ Kitchen K
88,Jessica Short,2022-08-08,2023-04-16,1,Riverfront Suite w/ Kitchen QQ
89,Ryan Smith,2022-11-06,2023-06-19,1,Riverfront Suite w/ Kitchen K
90,Joshua Meyer,2022-10-31,2023-05-10,2,Corner Suite
91,Ashley Raymond,2022-04-01,2022-05-17,1,Riverfront Suite w/ Kitchen QQ
92,Linda Nelson,2022-08-04,2022-11-28,3,Riverfront Suite w/ Kitchen K
93,Robert Thompson,2022-11-12,2023-02-19,2,Riverfront Suite w/ Kitchen K
94,Heidi Torres,2023-03-26,2023-05-20,1,Riverfront Suite w/ Kitchen QQ
95,Joe Christian,2022-05-15,2024-02-18,3,Riverfront Suite w/ Kitchen QQ
96,Joel Everett,2022-09-23,2022-11-15,1,Riverfront Suite w/ Kitchen QQ
97,Erica Humphrey,2022-09-16,2023-11-19,3,Riverfront Suite w/ Kitchen QQ
98,Daniel Martinez,2022-10-30,2023-11-14,1,Riverfront Suite w/ Kitchen K
99,Barbara Kelly,2022-04-30,2023-12-13,1,Riverfront Suite w/ Kitchen QQ
100,Karen Miller,2023-03-25,2023-03-29,2,Riverfront Suite w/ Kitchen K
